"Created","Commission","Order ID","Campaign Name","Status","Paid","Client Name","Client Email","Product","Referral Source","Note"
"2026-09-13 00:33:23","8.75","7500000060201(1)","Coach: Wellness","A","U","Linnea Ingram","linnea.ingram@example.com","Pseudo Creatine Scoop","Maren Sinclair",""
"2026-09-12 19:21:26","39.5","7500000008972(1)","VIP Membership","A","U","Anouk Kingsley","anouk.kingsley@example.org","Pseudo VIP Monthly","Sutton Kingsley",""
"2026-09-12 02:31:42","24.5","7500000086297(1)","VIP Membership","A","U","Camden Prescott","camden.prescott@example.com","Pseudo VIP Discounted","Sutton Kingsley",""
"2026-09-11 02:43:49","19.5","7500000015937(1)","VIP Membership Scholarship Rate","A","U","Camden Underwood","camden.underwood@example.com","Pseudo VIP Scholarship","Sutton Kingsley",""
"2026-09-10 12:45:59","7.9","7500000013925(1)","VIP Membership","A","U","Iris Winslow","iris.winslow@example.org","Pseudo VIP Starter Rate","Maren Sinclair",""
"2026-09-09 10:52:31","14.87","7500000062477(1)","Coach: Wellness","A","U","Sutton Thackeray","sutton.thackeray@example.net","Pseudo Protein Blend","Sutton Kingsley",""
"2026-09-08 05:54:01","4.95","7500000067317(1)","Coach Discounted VIP","A","U","Esme Blackwood","esme.blackwood@example.net","Pseudo Coach VIP","Sutton Kingsley",""
"2026-09-08 04:17:02","29.5","7500000089745(1)","VIP Membership","A","U","Finley Underwood","finley.underwood@example.org","Pseudo VIP Mensual - (renovación)","Blair Montrose",""
"2026-09-07 22:39:59","7.9","7500000020665(1)","VIP Membership","A","U","Owen Calloway","owen.calloway@example.net","Pseudo VIP Starter Rate","Blair Montrose",""
"2026-09-06 10:30:33","29.5","7500000026987(1)","VIP Membership","A","U","Sutton Cartwright","sutton.cartwright@example.net","Pseudo VIP Mensual (renovación)","Wren Calloway",""
"2026-09-04 04:55:38","7.9","7500000080229(1)","VIP Membership","A","U","Sabine Sterling","sabine.sterling@example.com","Pseudo VIP Starter Rate","Sutton Kingsley",""
"2026-09-03 02:25:02","4.95","7500000071606(1)","Coach Discounted VIP","A","U","Teagan Brennan","teagan.brennan@example.com","Pseudo Coach VIP","Maren Sinclair",""
"2026-09-03 01:56:07","24.5","7500000075767(1)","VIP Membership","A","U","Rory Dunmore","rory.dunmore@example.net","Pseudo VIP Discounted","Sutton Kingsley",""
"2026-09-02 08:18:50","7.9","7500000024758(1)","VIP Membership","A","U","Wren Radcliffe","wren.radcliffe@example.net","Pseudo VIP Starter Rate","Elliot Fairbanks",""
"2026-09-02 07:03:28","29.5","7500000093165(1)","VIP Membership","A","U","Marlowe Radcliffe","marlowe.radcliffe@example.com","Pseudo VIP Mensual - (renovación)","Sutton Kingsley",""
"2026-09-02 03:56:47","29.5","7500000004945(1)","VIP Membership","A","U","Quinn Ashcroft","quinn.ashcroft@example.net","Pseudo VIP Mensual - (renovación)","Sutton Kingsley",""
"2026-08-31 16:04:13","-7.9","7500000119783(1)","VIP Membership","A","U","Wesley Lockhart","wesley.lockhart@example.net","Pseudo VIP Starter Rate","Sutton Kingsley","Commission granted in error."
"2026-08-28 19:47:32","-4.95","7500000049474(1)","Coach Discounted VIP","A","P","Maren Ainsworth","maren.ainsworth@example.net","Pseudo Coach VIP","Sutton Kingsley","Client switched coaches, please adjust records accordingly."
"2026-08-23 02:51:59","-4.95","7500000051755(1)","Coach Discounted VIP","A","P","Owen Whitfield","owen.whitfield@example.com","Pseudo Coach VIP","Sutton Kingsley","Refunded."
"2026-08-19 10:06:00","8.49","7500000063443(1)","Coach: Wellness","A","P","Sutton Thackeray","sutton.thackeray@example.net","Pseudo Collagen Powder","Sutton Kingsley",""
"2026-08-19 02:00:58","-29.5","7500000116744(1)","VIP Membership","A","P","Rosalind Calloway","rosalind.calloway@example.org","Pseudo VIP Mensual (renovación)","Sutton Kingsley","Refunded."
"2026-08-19 01:59:52","-24.5","7500000054226(1)","VIP Membership","A","P","Wesley Winslow","wesley.winslow@example.com","Pseudo VIP Discounted","Sutton Kingsley","Commission granted in error."
"2026-08-15 15:49:22","19.5","7500000102002(1)","VIP Membership Scholarship Rate","A","P","Blair Prescott","blair.prescott@example.com","Pseudo VIP Scholarship","Sutton Kingsley",""
"2026-08-14 19:47:32","4.95","7500000049474(1)","Coach Discounted VIP","A","P","Maren Ainsworth","maren.ainsworth@example.net","Pseudo Coach VIP","Sutton Kingsley",""
"2026-08-14 19:08:52","18.29","7500000038736(1)","VIP Membership","A","P","Sloane Pemberton","sloane.pemberton@example.com","Pseudo VIP Mensual - (renovación)","Sutton Kingsley",""
"2026-08-14 11:55:44","0","7500000056682(1)","Coach Discounted VIP","A","P","Priya Montrose","priya.montrose@example.org","Pseudo Coach VIP","Sutton Kingsley",""
"2026-08-14 01:59:52","24.5","7500000054226(1)","VIP Membership","A","P","Wesley Winslow","wesley.winslow@example.com","Pseudo VIP Discounted","Sutton Kingsley",""
"2026-08-13 19:59:02","7.9","7500000035471(1)","VIP Membership","A","P","Rowan Kingsley","rowan.kingsley@example.net","Pseudo VIP Starter Rate","Blair Montrose",""
"2026-08-12 18:10:26","39.5","7500000008170(1)","VIP Membership","A","P","Anouk Kingsley","anouk.kingsley@example.org","Pseudo VIP Monthly","Sutton Kingsley",""
"2026-08-12 16:04:13","7.9","7500000119783(1)","VIP Membership","A","P","Wesley Lockhart","wesley.lockhart@example.net","Pseudo VIP Starter Rate","Sutton Kingsley",""
"2026-08-12 09:51:33","22.12","7500000042529(1)","VIP Membership","A","P","Iris Thackeray","iris.thackeray@example.com","Pseudo VIP Mensual - (renovación)","Sutton Kingsley",""
"2026-08-12 01:13:42","24.5","7500000085522(1)","VIP Membership","A","P","Camden Prescott","camden.prescott@example.com","Pseudo VIP Discounted","Sutton Kingsley",""
"2026-08-11 01:27:49","19.5","7500000015489(1)","VIP Membership Scholarship Rate","A","P","Camden Underwood","camden.underwood@example.com","Pseudo VIP Scholarship","Sutton Kingsley",""
"2026-08-11 00:51:43","29.5","7500000057649(1)","VIP Membership","A","P","Priya Yarrow","priya.yarrow@example.com","Pseudo VIP Mensual - (renovación)","Elliot Fairbanks",""
"2026-08-10 13:57:51","29.5","7500000099411(1)","VIP Membership","A","P","Odette Merrick","odette.merrick@example.net","Pseudo VIP Mensual - (renovación)","Sutton Kingsley",""
"2026-08-10 12:44:05","-4.95","7500000118607(1)","Coach Discounted VIP","A","P","Sawyer Larkspur","sawyer.larkspur@example.com","Pseudo Coach VIP","Sutton Kingsley","Client switched coaches, please adjust records accordingly."
"2026-08-10 11:20:59","7.9","7500000013375(1)","VIP Membership","A","P","Iris Winslow","iris.winslow@example.org","Pseudo VIP Starter Rate","Maren Sinclair",""
"2026-08-08 07:24:01","4.95","7500000066963(1)","Coach Discounted VIP","A","P","Esme Blackwood","esme.blackwood@example.net","Pseudo Coach VIP","Sutton Kingsley",""
"2026-08-08 04:49:02","29.5","7500000089164(1)","VIP Membership","A","P","Finley Underwood","finley.underwood@example.org","Pseudo VIP Mensual - (renovación)","Blair Montrose",""
"2026-08-07 22:48:59","7.9","7500000020340(1)","VIP Membership","A","P","Owen Calloway","owen.calloway@example.net","Pseudo VIP Starter Rate","Blair Montrose",""
"2026-08-07 02:00:58","29.5","7500000116744(1)","VIP Membership","A","P","Rosalind Calloway","rosalind.calloway@example.org","Pseudo VIP Mensual (renovación)","Sutton Kingsley",""
"2026-08-06 10:41:33","29.5","7500000026201(1)","VIP Membership","A","P","Sutton Cartwright","sutton.cartwright@example.net","Pseudo VIP Mensual (renovación)","Wren Calloway",""
"2026-08-06 02:51:59","4.95","7500000051755(1)","Coach Discounted VIP","A","P","Owen Whitfield","owen.whitfield@example.com","Pseudo Coach VIP","Sutton Kingsley",""
"2026-08-06 00:28:14","29.5","7500000059664(1)","VIP Membership","A","P","Finley Jessup","finley.jessup@example.net","Pseudo VIP Mensual - (renovación)","Sutton Kingsley",""
"2026-08-05 08:35:13","19.5","7500000032397(1)","VIP Membership Scholarship Rate","A","P","Sloane Northcott","sloane.northcott@example.com","Pseudo VIP Scholarship","Sutton Kingsley",""
"2026-08-04 05:24:38","7.9","7500000079736(1)","VIP Membership","A","P","Sabine Sterling","sabine.sterling@example.com","Pseudo VIP Starter Rate","Sutton Kingsley",""
"2026-08-03 05:04:12","0","failed_285309_2026-08-03","Membership cancellations","A","P","Parker Fairbanks","parker.fairbanks@example.org","Pseudo VIP Starter Rate","Sutton Kingsley",""
"2026-08-03 03:39:02","4.95","7500000070963(1)","Coach Discounted VIP","A","P","Teagan Brennan","teagan.brennan@example.com","Pseudo Coach VIP","Maren Sinclair",""
"2026-08-03 02:12:07","24.5","7500000075298(1)","VIP Membership","A","P","Rory Dunmore","rory.dunmore@example.net","Pseudo VIP Discounted","Sutton Kingsley",""
"2026-08-02 08:15:50","7.9","7500000024656(1)","VIP Membership","A","P","Wren Radcliffe","wren.radcliffe@example.net","Pseudo VIP Starter Rate","Elliot Fairbanks",""
"2026-08-02 07:05:28","29.5","7500000092442(1)","VIP Membership","A","P","Marlowe Radcliffe","marlowe.radcliffe@example.com","Pseudo VIP Mensual - (renovación)","Sutton Kingsley",""
"2026-08-02 02:58:47","29.5","7500000004279(1)","VIP Membership","A","P","Quinn Ashcroft","quinn.ashcroft@example.net","Pseudo VIP Mensual - (renovación)","Sutton Kingsley",""
"2026-08-01 16:36:22","39.5","7500000044948(1)","VIP Membership","A","P","Silas Ainsworth","silas.ainsworth@example.net","Pseudo VIP (last billing)","Wren Calloway",""
"2026-08-01 05:04:12","0","failed_285309_2026-08-01","Membership cancellations","A","P","Parker Fairbanks","parker.fairbanks@example.org","Pseudo VIP Starter Rate","Sutton Kingsley",""
"2026-08-01 04:00:00","7.5","7500000064983(1)","Coach: Consumables","A","P","Verity Sterling","verity.sterling@example.com","Pseudo Meal Guide","Sutton Kingsley",""
"2026-07-30 05:04:12","0","failed_285309_2026-07-30","Membership cancellations","A","P","Parker Fairbanks","parker.fairbanks@example.org","Pseudo VIP Starter Rate","Sutton Kingsley",""
"2026-07-28 12:44:05","4.95","7500000118607(1)","Coach Discounted VIP","A","P","Sawyer Larkspur","sawyer.larkspur@example.com","Pseudo Coach VIP","Sutton Kingsley",""
"2026-07-28 12:28:50","39.5","7500000047132(1)","VIP Membership","A","P","Rory Thackeray","rory.thackeray@example.org","Pseudo VIP (last billing)","Sutton Kingsley",""
"2026-07-28 11:29:01","0","7500000121385(1)","VIP Membership","A","P","Iris Sinclair","iris.sinclair@example.org","Pseudo VIP Monthly","Sutton Kingsley",""
"2026-07-28 11:18:25","0","failed_712746_2026-07-28","Membership cancellations","A","P","Blair Harrington","blair.harrington@example.net","Pseudo VIP Monthly","Sutton Kingsley",""
"2026-07-28 09:14:49","39.5","7500000114886(1)","VIP Membership","A","P","Parker Oakley","parker.oakley@example.net","Pseudo VIP (last billing)","Wren Calloway",""
"2026-07-28 05:52:18","3.07","7500000110424(1)","Coach Discounted VIP","A","P","Everly Ellsworth","everly.ellsworth@example.com","Pseudo Coach VIP","Sutton Kingsley",""
"2026-07-28 03:30:51","5.93","7500000107058(1)","VIP Membership","A","P","Rowan Blackwood","rowan.blackwood@example.com","Pseudo VIP Starter Rate","Sutton Kingsley",""
"2026-07-28 00:33:14","39.5","7500000113310(1)","VIP Membership","A","P","Finley Yarrow","finley.yarrow@example.com","Pseudo VIP (last billing)","Sutton Kingsley",""
"2026-07-27 23:32:08","19.5","7500000123210(1)","VIP Membership Scholarship Rate","A","P","Maren Brennan","maren.brennan@example.net","Pseudo VIP Scholarship","Sutton Kingsley",""
"2026-07-26 11:18:25","0","failed_712746_2026-07-26","Membership cancellations","A","P","Blair Harrington","blair.harrington@example.net","Pseudo VIP Monthly","Sutton Kingsley",""
"2026-07-17 02:07:43","14.87","7500000058054(1)","Coach: Wellness","A","P","Priya Yarrow","priya.yarrow@example.com","Pseudo Protein Blend","Elliot Fairbanks",""
"2026-07-17 02:07:43","14.87","7500000058054(1)","Coach: Wellness","A","P","Priya Yarrow","priya.yarrow@example.com","Pseudo Protein Blend","Elliot Fairbanks",""
"2026-07-15 17:12:22","19.5","7500000101970(1)","VIP Membership Scholarship Rate","A","P","Blair Prescott","blair.prescott@example.com","Pseudo VIP Scholarship","Sutton Kingsley",""
"2026-07-14 20:26:52","18.29","7500000038196(1)","VIP Membership","A","P","Sloane Pemberton","sloane.pemberton@example.com","Pseudo VIP Mensual - (renovación)","Sutton Kingsley",""
"2026-07-14 19:30:00","8.75","7500000063321(1)","Coach: Wellness","A","P","Sutton Thackeray","sutton.thackeray@example.net","Pseudo Creatine Scoop","Sutton Kingsley",""
"2026-07-14 18:26:32","4.95","7500000048639(1)","Coach Discounted VIP","A","P","Maren Ainsworth","maren.ainsworth@example.net","Pseudo Coach VIP","Sutton Kingsley",""
"2026-07-14 13:08:44","0","7500000056643(1)","Coach Discounted VIP","A","P","Priya Montrose","priya.montrose@example.org","Pseudo Coach VIP","Sutton Kingsley",""
"2026-07-14 02:58:52","24.5","7500000054030(1)","VIP Membership","A","P","Wesley Winslow","wesley.winslow@example.com","Pseudo VIP Discounted","Sutton Kingsley",""
"2026-07-13 19:13:02","7.9","7500000035140(1)","VIP Membership","A","P","Rowan Kingsley","rowan.kingsley@example.net","Pseudo VIP Starter Rate","Blair Montrose",""
"2026-07-12 19:27:26","39.5","7500000007664(1)","VIP Membership","A","P","Anouk Kingsley","anouk.kingsley@example.org","Pseudo VIP Monthly","Sutton Kingsley",""
"2026-07-12 14:55:13","7.9","7500000119418(1)","VIP Membership","A","P","Wesley Lockhart","wesley.lockhart@example.net","Pseudo VIP Starter Rate","Sutton Kingsley",""
"2026-07-12 09:34:33","22.12","7500000042484(1)","VIP Membership","A","P","Iris Thackeray","iris.thackeray@example.com","Pseudo VIP Mensual - (renovación)","Sutton Kingsley",""
"2026-07-12 00:51:42","24.5","7500000084689(1)","VIP Membership","A","P","Camden Prescott","camden.prescott@example.com","Pseudo VIP Discounted","Sutton Kingsley",""
"2026-07-11 10:54:00","8.49","7500000124231(1)","Coach: Wellness","A","P","Miles Hollister","miles.hollister@example.com","Pseudo Collagen Powder","Sutton Kingsley","To account for missing Pseudo Collagen Powder commission from 2025-12-27 - Affiliate Team"
"2026-07-11 10:54:00","14.87","7500000124981(1)","Coach: Wellness","A","P","Declan Dunmore","declan.dunmore@example.net","Pseudo Protein Blend","Sutton Kingsley","To account for missing Pseudo Protein Blend commission from 2026-03-01 - Affiliate Team"
"2026-07-11 10:54:00","8.75","7500000125348(1)","Coach: Wellness","A","P","Beatrix Fitzgerald","beatrix.fitzgerald@example.net","Pseudo Creatine Scoop","Sutton Kingsley","To account for missing Pseudo Creatine Scoop commission from 2026-03-02 - Affiliate Team"
"2026-07-11 10:54:00","10.62","7500000125651(1)","Coach: Consumables","A","P","Juniper Montrose","juniper.montrose@example.org","Pseudo Hydration Mix","Sutton Kingsley","To account for missing Pseudo Hydration Mix commission from 2026-03-26 - Affiliate Team"
"2026-07-11 10:54:00","8.49","7500000126199(1)","Coach: Wellness","A","P","Maren Larkspur","maren.larkspur@example.org","Pseudo Collagen Powder","Sutton Kingsley","To account for missing Pseudo Collagen Powder commission from 2026-05-05 - Affiliate Team"
"2026-07-11 02:07:43","29.5","7500000056843(1)","VIP Membership","A","P","Priya Yarrow","priya.yarrow@example.com","Pseudo VIP Mensual - (renovación)","Elliot Fairbanks",""
"2026-07-11 00:41:49","19.5","7500000014806(1)","VIP Membership Scholarship Rate","A","P","Camden Underwood","camden.underwood@example.com","Pseudo VIP Scholarship","Sutton Kingsley",""
"2026-07-10 12:35:51","29.5","7500000098847(1)","VIP Membership","A","P","Odette Merrick","odette.merrick@example.net","Pseudo VIP Mensual - (renovación)","Sutton Kingsley",""
"2026-07-10 09:55:59","7.9","7500000013019(1)","VIP Membership","A","P","Iris Winslow","iris.winslow@example.org","Pseudo VIP Starter Rate","Maren Sinclair",""
"2026-07-08 06:10:01","4.95","7500000066554(1)","Coach Discounted VIP","A","P","Esme Blackwood","esme.blackwood@example.net","Pseudo Coach VIP","Sutton Kingsley",""
"2026-07-08 03:39:02","29.5","7500000088854(1)","VIP Membership","A","P","Finley Underwood","finley.underwood@example.org","Pseudo VIP Mensual - (renovación)","Blair Montrose",""
"2026-07-07 23:07:14","14.87","7500000060095(1)","Coach: Wellness","A","P","Finley Jessup","finley.jessup@example.net","Pseudo Protein Blend","Sutton Kingsley",""
"2026-07-07 23:07:14","14.87","7500000060095(1)","Coach: Wellness","A","P","Finley Jessup","finley.jessup@example.net","Pseudo Protein Blend","Sutton Kingsley",""
"2026-07-07 22:17:59","7.9","7500000019926(1)","VIP Membership","A","P","Owen Calloway","owen.calloway@example.net","Pseudo VIP Starter Rate","Blair Montrose",""
"2026-07-07 00:57:58","29.5","7500000116282(1)","VIP Membership","A","P","Rosalind Calloway","rosalind.calloway@example.org","Pseudo VIP Mensual (renovación)","Sutton Kingsley",""
"2026-07-06 09:51:33","29.5","7500000025876(1)","VIP Membership","A","P","Sutton Cartwright","sutton.cartwright@example.net","Pseudo VIP Mensual (renovación)","Wren Calloway",""
"2026-07-06 03:34:59","4.95","7500000050971(1)","Coach Discounted VIP","A","P","Owen Whitfield","owen.whitfield@example.com","Pseudo Coach VIP","Sutton Kingsley",""
"2026-07-05 23:07:14","29.5","7500000059085(1)","VIP Membership","A","P","Finley Jessup","finley.jessup@example.net","Pseudo VIP Mensual - (renovación)","Sutton Kingsley",""
"2026-07-05 09:13:13","19.5","7500000031906(1)","VIP Membership Scholarship Rate","A","P","Sloane Northcott","sloane.northcott@example.com","Pseudo VIP Scholarship","Sutton Kingsley",""
"2026-07-04 06:48:38","7.9","7500000079405(1)","VIP Membership","A","P","Sabine Sterling","sabine.sterling@example.com","Pseudo VIP Starter Rate","Sutton Kingsley",""
"2026-07-03 02:58:02","4.95","7500000070129(1)","Coach Discounted VIP","A","P","Teagan Brennan","teagan.brennan@example.com","Pseudo Coach VIP","Maren Sinclair",""
"2026-07-03 02:25:07","24.5","7500000074856(1)","VIP Membership","A","P","Rory Dunmore","rory.dunmore@example.net","Pseudo VIP Discounted","Sutton Kingsley",""
"2026-07-02 08:27:50","7.9","7500000023918(1)","VIP Membership","A","P","Wren Radcliffe","wren.radcliffe@example.net","Pseudo VIP Starter Rate","Elliot Fairbanks",""
"2026-07-02 08:24:28","29.5","7500000092048(1)","VIP Membership","A","P","Marlowe Radcliffe","marlowe.radcliffe@example.com","Pseudo VIP Mensual - (renovación)","Sutton Kingsley",""
"2026-07-02 04:13:47","29.5","7500000004065(1)","VIP Membership","A","P","Quinn Ashcroft","quinn.ashcroft@example.net","Pseudo VIP Mensual - (renovación)","Sutton Kingsley",""
"2026-07-01 15:58:22","7.9","7500000044727(1)","VIP Membership","A","P","Silas Ainsworth","silas.ainsworth@example.net","Pseudo VIP Starter Rate","Wren Calloway",""
"2026-07-01 05:04:12","7.9","285309","VIP Membership","A","P","Parker Fairbanks","parker.fairbanks@example.org","Pseudo VIP Starter Rate","Sutton Kingsley",""
"2026-06-29 00:16:08","19.5","7500000122923(1)","VIP Membership Scholarship Rate","A","P","Maren Brennan","maren.brennan@example.net","Pseudo VIP Scholarship","Sutton Kingsley",""
"2026-06-28 12:50:01","0","7500000121001(1)","VIP Membership","A","P","Iris Sinclair","iris.sinclair@example.org","Pseudo VIP Monthly","Sutton Kingsley",""
"2026-06-28 12:32:50","19.5","7500000047015(1)","VIP Membership Scholarship Rate","A","P","Rory Thackeray","rory.thackeray@example.org","Pseudo VIP Scholarship","Sutton Kingsley",""
"2026-06-28 11:26:05","4.95","7500000118594(1)","Coach Discounted VIP","A","P","Sawyer Larkspur","sawyer.larkspur@example.com","Pseudo Coach VIP","Sutton Kingsley",""
"2026-06-28 09:09:49","19.5","7500000114871(1)","VIP Membership Scholarship Rate","A","P","Parker Oakley","parker.oakley@example.net","Pseudo VIP Scholarship","Wren Calloway",""
"2026-06-28 07:13:18","3.07","7500000110211(1)","Coach Discounted VIP","A","P","Everly Ellsworth","everly.ellsworth@example.com","Pseudo Coach VIP","Sutton Kingsley",""
"2026-06-28 04:06:51","5.93","7500000106333(1)","VIP Membership","A","P","Rowan Blackwood","rowan.blackwood@example.com","Pseudo VIP Starter Rate","Sutton Kingsley",""
"2026-06-28 00:18:14","19.5","7500000113043(1)","VIP Membership Scholarship Rate","A","P","Finley Yarrow","finley.yarrow@example.com","Pseudo VIP Scholarship","Sutton Kingsley",""
"2026-06-27 11:18:25","39.5","712746","VIP Membership","A","P","Blair Harrington","blair.harrington@example.net","Pseudo VIP Monthly","Sutton Kingsley",""
"2026-06-22 18:00:00","24.5","7500000130059(1)","VIP Membership","A","U","Mabel Fairbanks","mabel.fairbanks@example.net","Pseudo VIP Discounted","Sutton Kingsley",""
"2026-06-17 18:00:00","7.9","7500000127671(1)","VIP Membership","A","U","Elliot Cartwright","elliot.cartwright@example.com","Pseudo VIP Starter Rate","Sutton Kingsley",""
"2026-06-15 05:26:00","8.49","7500000064274(1)","Coach: Wellness","A","P","Willa Fitzgerald","willa.fitzgerald@example.com","Pseudo Collagen Powder","Sutton Kingsley",""
"2026-06-14 19:39:32","4.95","7500000048512(1)","Coach Discounted VIP","A","P","Maren Ainsworth","maren.ainsworth@example.net","Pseudo Coach VIP","Sutton Kingsley",""
"2026-06-14 19:37:52","18.29","7500000037644(1)","VIP Membership","A","P","Sloane Pemberton","sloane.pemberton@example.com","Pseudo VIP Mensual - (renovación)","Sutton Kingsley",""
"2026-06-14 12:42:44","0","7500000055968(1)","Coach Discounted VIP","A","P","Priya Montrose","priya.montrose@example.org","Pseudo Coach VIP","Sutton Kingsley",""
"2026-06-14 02:02:52","24.5","7500000053367(1)","VIP Membership","A","P","Wesley Winslow","wesley.winslow@example.com","Pseudo VIP Discounted","Sutton Kingsley",""
"2026-06-13 20:31:02","7.9","7500000034977(1)","VIP Membership","A","P","Rowan Kingsley","rowan.kingsley@example.net","Pseudo VIP Starter Rate","Blair Montrose",""
"2026-06-12 20:22:26","39.5","7500000007230(1)","VIP Membership","A","P","Anouk Kingsley","anouk.kingsley@example.org","Pseudo VIP Monthly","Sutton Kingsley",""
"2026-06-12 19:20:12","0","cancel_426055_2026-06-12","Membership cancellations","A","P","Grayson Dunmore","grayson.dunmore@example.net","Pseudo VIP Scholarship","Sutton Kingsley",""
"2026-06-12 13:44:13","7.9","7500000118874(1)","VIP Membership","A","P","Wesley Lockhart","wesley.lockhart@example.net","Pseudo VIP Starter Rate","Sutton Kingsley",""
"2026-06-12 10:30:33","22.12","7500000042206(1)","VIP Membership","A","P","Iris Thackeray","iris.thackeray@example.com","Pseudo VIP Mensual - (renovación)","Sutton Kingsley",""
"2026-06-12 00:56:42","24.5","7500000084510(1)","VIP Membership","A","P","Camden Prescott","camden.prescott@example.com","Pseudo VIP Discounted","Sutton Kingsley",""
"2026-06-11 19:21:53","0","cancel_435845_2026-06-11","Membership cancellations","A","P","Camden Pemberton","camden.pemberton@example.com","Pseudo VIP Scholarship","Sutton Kingsley",""
"2026-06-11 01:58:43","29.5","7500000056780(1)","VIP Membership","A","P","Priya Yarrow","priya.yarrow@example.com","Pseudo VIP Mensual - (renovación)","Elliot Fairbanks",""
"2026-06-11 01:05:49","19.5","7500000014785(1)","VIP Membership Scholarship Rate","A","P","Camden Underwood","camden.underwood@example.com","Pseudo VIP Scholarship","Sutton Kingsley",""
"2026-06-10 13:36:51","29.5","7500000098313(1)","VIP Membership","A","P","Odette Merrick","odette.merrick@example.net","Pseudo VIP Mensual - (renovación)","Sutton Kingsley",""
"2026-06-10 09:43:59","7.9","7500000012643(1)","VIP Membership","A","P","Iris Winslow","iris.winslow@example.org","Pseudo VIP Starter Rate","Maren Sinclair",""
"2026-06-08 19:21:53","0","failed_435845_2026-06-08","Membership cancellations","A","P","Camden Pemberton","camden.pemberton@example.com","Pseudo VIP Scholarship","Sutton Kingsley",""
"2026-06-08 08:40:01","0","cancel_178908_2026-06-08","Membership cancellations","A","P","Maren Kingsley","maren.kingsley@example.net","Pseudo VIP Scholarship","Sutton Kingsley",""
"2026-06-08 06:34:46","0","cancel_309414_2026-06-08","Membership cancellations","A","P","Freya Dunmore","freya.dunmore@example.org","Pseudo VIP Discounted","Sutton Kingsley",""
"2026-06-08 05:42:01","4.95","7500000066477(1)","Coach Discounted VIP","A","P","Esme Blackwood","esme.blackwood@example.net","Pseudo Coach VIP","Sutton Kingsley",""
"2026-06-08 02:55:02","29.5","7500000088543(1)","VIP Membership","A","P","Finley Underwood","finley.underwood@example.org","Pseudo VIP Mensual - (renovación)","Blair Montrose",""
"2026-06-07 20:56:59","7.9","7500000019084(1)","VIP Membership","A","P","Owen Calloway","owen.calloway@example.net","Pseudo VIP Starter Rate","Blair Montrose",""
"2026-06-07 01:48:58","29.5","7500000115674(1)","VIP Membership","A","P","Rosalind Calloway","rosalind.calloway@example.org","Pseudo VIP Mensual (renovación)","Sutton Kingsley",""
"2026-06-06 19:21:53","0","failed_435845_2026-06-06","Membership cancellations","A","P","Camden Pemberton","camden.pemberton@example.com","Pseudo VIP Scholarship","Sutton Kingsley",""
"2026-06-06 09:16:33","29.5","7500000025650(1)","VIP Membership","A","P","Sutton Cartwright","sutton.cartwright@example.net","Pseudo VIP Mensual (renovación)","Wren Calloway",""
"2026-06-06 03:05:59","4.95","7500000050429(1)","Coach Discounted VIP","A","P","Owen Whitfield","owen.whitfield@example.com","Pseudo Coach VIP","Sutton Kingsley",""
"2026-06-05 23:06:14","29.5","7500000059045(1)","VIP Membership","A","P","Finley Jessup","finley.jessup@example.net","Pseudo VIP Mensual - (renovación)","Sutton Kingsley",""
"2026-06-05 08:40:01","0","failed_178908_2026-06-05","Membership cancellations","A","P","Maren Kingsley","maren.kingsley@example.net","Pseudo VIP Scholarship","Sutton Kingsley",""
"2026-06-05 08:05:13","19.5","7500000031790(1)","VIP Membership Scholarship Rate","A","P","Sloane Northcott","sloane.northcott@example.com","Pseudo VIP Scholarship","Sutton Kingsley",""
"2026-06-04 19:21:53","0","failed_435845_2026-06-04","Membership cancellations","A","P","Camden Pemberton","camden.pemberton@example.com","Pseudo VIP Scholarship","Sutton Kingsley",""
"2026-06-04 07:57:38","7.9","7500000079354(1)","VIP Membership","A","P","Sabine Sterling","sabine.sterling@example.com","Pseudo VIP Starter Rate","Sutton Kingsley",""
"2026-06-03 08:40:01","0","failed_178908_2026-06-03","Membership cancellations","A","P","Maren Kingsley","maren.kingsley@example.net","Pseudo VIP Scholarship","Sutton Kingsley",""
"2026-06-03 02:23:02","4.95","7500000069497(1)","Coach Discounted VIP","A","P","Teagan Brennan","teagan.brennan@example.com","Pseudo Coach VIP","Maren Sinclair",""
"2026-06-03 01:07:07","24.5","7500000074831(1)","VIP Membership","A","P","Rory Dunmore","rory.dunmore@example.net","Pseudo VIP Discounted","Sutton Kingsley",""
"2026-06-02 23:33:08","14.87","7500000123438(1)","Coach: Wellness","A","P","Maren Brennan","maren.brennan@example.net","Pseudo Protein Blend","Sutton Kingsley",""
"2026-06-02 23:33:08","14.87","7500000123438(1)","Coach: Wellness","A","P","Maren Brennan","maren.brennan@example.net","Pseudo Protein Blend","Sutton Kingsley",""
"2026-06-02 09:53:50","7.9","7500000023470(1)","VIP Membership","A","P","Wren Radcliffe","wren.radcliffe@example.net","Pseudo VIP Starter Rate","Elliot Fairbanks",""
"2026-06-02 08:16:28","29.5","7500000091557(1)","VIP Membership","A","P","Marlowe Radcliffe","marlowe.radcliffe@example.com","Pseudo VIP Mensual - (renovación)","Sutton Kingsley",""
"2026-06-02 05:05:47","29.5","7500000003950(1)","VIP Membership","A","P","Quinn Ashcroft","quinn.ashcroft@example.net","Pseudo VIP Mensual - (renovación)","Sutton Kingsley",""
"2026-06-01 14:53:22","7.9","7500000043845(1)","VIP Membership","A","P","Silas Ainsworth","silas.ainsworth@example.net","Pseudo VIP Starter Rate","Wren Calloway",""
"2026-06-01 08:40:01","0","failed_178908_2026-06-01","Membership cancellations","A","P","Maren Kingsley","maren.kingsley@example.net","Pseudo VIP Scholarship","Sutton Kingsley",""
"2026-06-01 04:21:12","7.9","285309","VIP Membership","A","P","Parker Fairbanks","parker.fairbanks@example.org","Pseudo VIP Starter Rate","Sutton Kingsley",""
"2026-05-28 23:33:08","19.5","7500000122200(1)","VIP Membership Scholarship Rate","A","P","Maren Brennan","maren.brennan@example.net","Pseudo VIP Scholarship","Sutton Kingsley",""
"2026-05-28 13:33:01","0","7500000120659(1)","VIP Membership","A","P","Iris Sinclair","iris.sinclair@example.org","Pseudo VIP Monthly","Sutton Kingsley",""
"2026-05-28 13:00:50","19.5","7500000046604(1)","VIP Membership Scholarship Rate","A","P","Rory Thackeray","rory.thackeray@example.org","Pseudo VIP Scholarship","Sutton Kingsley",""
"2026-05-28 11:05:05","4.95","7500000118573(1)","Coach Discounted VIP","A","P","Sawyer Larkspur","sawyer.larkspur@example.com","Pseudo Coach VIP","Sutton Kingsley",""
"2026-05-28 08:35:18","3.07","7500000109769(1)","Coach Discounted VIP","A","P","Everly Ellsworth","everly.ellsworth@example.com","Pseudo Coach VIP","Sutton Kingsley",""
"2026-05-28 08:10:49","19.5","7500000114288(1)","VIP Membership Scholarship Rate","A","P","Parker Oakley","parker.oakley@example.net","Pseudo VIP Scholarship","Wren Calloway",""
"2026-05-28 02:45:51","5.93","7500000105835(1)","VIP Membership","A","P","Rowan Blackwood","rowan.blackwood@example.com","Pseudo VIP Starter Rate","Sutton Kingsley",""
"2026-05-27 23:38:14","19.5","7500000112603(1)","VIP Membership Scholarship Rate","A","P","Finley Yarrow","finley.yarrow@example.com","Pseudo VIP Scholarship","Sutton Kingsley",""
"2026-05-27 11:50:25","39.5","712746","VIP Membership","A","P","Blair Harrington","blair.harrington@example.net","Pseudo VIP Monthly","Sutton Kingsley",""
"2026-05-26 11:08:14","0","cancel_104840_2026-05-26","Membership cancellations","A","P","Sabine Fairbanks","sabine.fairbanks@example.net","Pseudo Coach VIP","Sutton Kingsley",""
"2026-05-26 07:53:24","0","cancel_124915_2026-05-26","Membership cancellations","A","P","Zane Jessup","zane.jessup@example.net","Pseudo Coach VIP","Sutton Kingsley",""
"2026-05-26 05:59:39","0","cancel_306753_2026-05-26","Membership cancellations","A","P","Quinn Hollister","quinn.hollister@example.com","Pseudo VIP Scholarship","Sutton Kingsley",""
"2026-05-22 18:17:00","24.5","7500000129689(1)","VIP Membership","A","P","Mabel Fairbanks","mabel.fairbanks@example.net","Pseudo VIP Discounted","Sutton Kingsley",""
"2026-05-17 18:43:00","7.9","7500000127099(1)","VIP Membership","A","P","Elliot Cartwright","elliot.cartwright@example.com","Pseudo VIP Starter Rate","Sutton Kingsley",""
"2026-05-17 18:40:18","7.9","7500000029602(1)","VIP Membership","A","P","Esme Jessup","esme.jessup@example.org","Pseudo VIP Starter Rate","Sutton Kingsley",""
"2026-05-16 23:46:03","19.5","7500000031150(1)","VIP Membership Scholarship Rate","A","P","Keaton Blackwood","keaton.blackwood@example.com","Pseudo VIP Scholarship","Sutton Kingsley",""
"2026-05-15 19:20:12","19.5","426055","VIP Membership Scholarship Rate","A","P","Grayson Dunmore","grayson.dunmore@example.net","Pseudo VIP Scholarship","Sutton Kingsley",""
"2026-05-15 16:19:22","19.5","7500000101535(1)","VIP Membership Scholarship Rate","A","P","Blair Prescott","blair.prescott@example.com","Pseudo VIP Scholarship","Sutton Kingsley",""
"2026-05-14 20:04:32","4.95","7500000047627(1)","Coach Discounted VIP","A","P","Maren Ainsworth","maren.ainsworth@example.net","Pseudo Coach VIP","Sutton Kingsley",""
"2026-05-14 18:28:52","18.29","7500000037219(1)","VIP Membership","A","P","Sloane Pemberton","sloane.pemberton@example.com","Pseudo VIP Mensual - (renovación)","Sutton Kingsley",""
"2026-05-14 11:25:44","0","7500000055690(1)","Coach Discounted VIP","A","P","Priya Montrose","priya.montrose@example.org","Pseudo Coach VIP","Sutton Kingsley",""
"2026-05-14 02:37:52","24.5","7500000053150(1)","VIP Membership","A","P","Wesley Winslow","wesley.winslow@example.com","Pseudo VIP Discounted","Sutton Kingsley",""
"2026-05-12 20:40:26","39.5","7500000006847(1)","VIP Membership","A","P","Anouk Kingsley","anouk.kingsley@example.org","Pseudo VIP Monthly","Sutton Kingsley",""
"2026-05-12 09:42:33","22.12","7500000041919(1)","VIP Membership","A","P","Iris Thackeray","iris.thackeray@example.com","Pseudo VIP Mensual - (renovación)","Sutton Kingsley",""
"2026-05-12 00:18:42","24.5","7500000084228(1)","VIP Membership","A","P","Camden Prescott","camden.prescott@example.com","Pseudo VIP Discounted","Sutton Kingsley",""
"2026-05-11 06:34:46","24.5","309414","VIP Membership","A","P","Freya Dunmore","freya.dunmore@example.org","Pseudo VIP Discounted","Sutton Kingsley",""
"2026-05-10 12:53:51","29.5","7500000097596(1)","VIP Membership","A","P","Odette Merrick","odette.merrick@example.net","Pseudo VIP Mensual - (renovación)","Sutton Kingsley",""
"2026-05-10 08:29:59","7.9","7500000012207(1)","VIP Membership","A","P","Iris Winslow","iris.winslow@example.org","Pseudo VIP Starter Rate","Maren Sinclair",""
"2026-05-08 04:15:01","4.95","7500000066375(1)","Coach Discounted VIP","A","P","Esme Blackwood","esme.blackwood@example.net","Pseudo Coach VIP","Sutton Kingsley",""
"2026-05-08 03:09:02","29.5","7500000088270(1)","VIP Membership","A","P","Finley Underwood","finley.underwood@example.org","Pseudo VIP Mensual - (renovación)","Blair Montrose",""
"2026-05-07 21:53:59","7.9","7500000019033(1)","VIP Membership","A","P","Owen Calloway","owen.calloway@example.net","Pseudo VIP Starter Rate","Blair Montrose",""
"2026-05-06 19:21:53","19.5","435845","VIP Membership Scholarship Rate","A","P","Camden Pemberton","camden.pemberton@example.com","Pseudo VIP Scholarship","Sutton Kingsley",""
"2026-05-06 08:46:33","29.5","7500000025567(1)","VIP Membership","A","P","Sutton Cartwright","sutton.cartwright@example.net","Pseudo VIP Mensual (renovación)","Wren Calloway",""
"2026-05-06 01:52:59","4.95","7500000049621(1)","Coach Discounted VIP","A","P","Owen Whitfield","owen.whitfield@example.com","Pseudo Coach VIP","Sutton Kingsley",""
"2026-05-05 22:14:14","29.5","7500000058687(1)","VIP Membership","A","P","Finley Jessup","finley.jessup@example.net","Pseudo VIP Mensual - (renovación)","Sutton Kingsley",""
"2026-05-04 09:18:38","7.9","7500000079261(1)","VIP Membership","A","P","Sabine Sterling","sabine.sterling@example.com","Pseudo VIP Starter Rate","Sutton Kingsley",""
"2026-05-03 08:40:01","19.5","178908","VIP Membership Scholarship Rate","A","P","Maren Kingsley","maren.kingsley@example.net","Pseudo VIP Scholarship","Sutton Kingsley",""
"2026-05-03 01:27:02","4.95","7500000069277(1)","Coach Discounted VIP","A","P","Teagan Brennan","teagan.brennan@example.com","Pseudo Coach VIP","Maren Sinclair",""
"2026-05-03 00:11:07","24.5","7500000074359(1)","VIP Membership","A","P","Rory Dunmore","rory.dunmore@example.net","Pseudo VIP Discounted","Sutton Kingsley",""
"2026-05-02 10:00:50","7.9","7500000023286(1)","VIP Membership","A","P","Wren Radcliffe","wren.radcliffe@example.net","Pseudo VIP Starter Rate","Elliot Fairbanks",""
"2026-05-02 08:40:28","29.5","7500000090952(1)","VIP Membership","A","P","Marlowe Radcliffe","marlowe.radcliffe@example.com","Pseudo VIP Mensual - (renovación)","Sutton Kingsley",""
"2026-05-02 04:44:47","29.5","7500000003135(1)","VIP Membership","A","P","Quinn Ashcroft","quinn.ashcroft@example.net","Pseudo VIP Mensual - (renovación)","Sutton Kingsley",""
"2026-05-01 14:39:22","7.9","7500000043127(1)","VIP Membership","A","P","Silas Ainsworth","silas.ainsworth@example.net","Pseudo VIP Starter Rate","Wren Calloway",""
"2026-05-01 03:19:12","7.9","285309","VIP Membership","A","P","Parker Fairbanks","parker.fairbanks@example.org","Pseudo VIP Starter Rate","Sutton Kingsley",""
"2026-04-28 23:20:08","19.5","7500000122071(1)","VIP Membership Scholarship Rate","A","P","Maren Brennan","maren.brennan@example.net","Pseudo VIP Scholarship","Sutton Kingsley",""
"2026-04-28 13:52:01","0","7500000120565(1)","VIP Membership","A","P","Iris Sinclair","iris.sinclair@example.org","Pseudo VIP Monthly","Sutton Kingsley",""
"2026-04-28 13:02:50","19.5","7500000046320(1)","VIP Membership Scholarship Rate","A","P","Rory Thackeray","rory.thackeray@example.org","Pseudo VIP Scholarship","Sutton Kingsley",""
"2026-04-28 12:54:21","24.5","7500000096678(1)","VIP Membership","A","P","Jonah Radcliffe","jonah.radcliffe@example.net","Pseudo VIP Discounted","Sutton Kingsley",""
"2026-04-28 11:08:14","4.95","104840","Coach Discounted VIP","A","P","Sabine Fairbanks","sabine.fairbanks@example.net","Pseudo Coach VIP","Sutton Kingsley",""
"2026-04-28 10:53:05","4.95","7500000117710(1)","Coach Discounted VIP","A","P","Sawyer Larkspur","sawyer.larkspur@example.com","Pseudo Coach VIP","Sutton Kingsley",""
"2026-04-28 07:53:24","4.95","124915","Coach Discounted VIP","A","P","Zane Jessup","zane.jessup@example.net","Pseudo Coach VIP","Sutton Kingsley",""
"2026-04-28 07:47:18","3.07","7500000109318(1)","Coach Discounted VIP","A","P","Everly Ellsworth","everly.ellsworth@example.com","Pseudo Coach VIP","Sutton Kingsley",""
"2026-04-28 06:54:49","19.5","7500000113661(1)","VIP Membership Scholarship Rate","A","P","Parker Oakley","parker.oakley@example.net","Pseudo VIP Scholarship","Wren Calloway",""
"2026-04-28 05:59:39","19.5","306753","VIP Membership Scholarship Rate","A","P","Quinn Hollister","quinn.hollister@example.com","Pseudo VIP Scholarship","Sutton Kingsley",""
"2026-04-28 05:29:43","29.5","7500000095138(1)","VIP Membership","A","P","Sawyer Oakley","sawyer.oakley@example.org","Pseudo VIP Mensual (renovación)","Maren Sinclair",""
"2026-04-28 04:07:51","5.93","7500000105008(1)","VIP Membership","A","P","Rowan Blackwood","rowan.blackwood@example.com","Pseudo VIP Starter Rate","Sutton Kingsley",""
"2026-04-28 00:31:14","19.5","7500000112351(1)","VIP Membership Scholarship Rate","A","P","Finley Yarrow","finley.yarrow@example.com","Pseudo VIP Scholarship","Sutton Kingsley",""
"2026-04-27 10:53:25","39.5","712746","VIP Membership","A","P","Blair Harrington","blair.harrington@example.net","Pseudo VIP Monthly","Sutton Kingsley",""
"2026-04-22 17:41:00","24.5","7500000129545(1)","VIP Membership","A","P","Mabel Fairbanks","mabel.fairbanks@example.net","Pseudo VIP Discounted","Sutton Kingsley",""
"2026-04-17 19:14:18","7.9","7500000029040(1)","VIP Membership","A","P","Esme Jessup","esme.jessup@example.org","Pseudo VIP Starter Rate","Sutton Kingsley",""
"2026-04-17 17:59:00","7.9","7500000127072(1)","VIP Membership","A","P","Elliot Cartwright","elliot.cartwright@example.com","Pseudo VIP Starter Rate","Sutton Kingsley",""
"2026-04-17 00:29:03","19.5","7500000030827(1)","VIP Membership Scholarship Rate","A","P","Keaton Blackwood","keaton.blackwood@example.com","Pseudo VIP Scholarship","Sutton Kingsley",""
"2026-04-15 18:43:12","19.5","426055","VIP Membership Scholarship Rate","A","P","Grayson Dunmore","grayson.dunmore@example.net","Pseudo VIP Scholarship","Sutton Kingsley",""
"2026-04-15 14:52:22","19.5","7500000100861(1)","VIP Membership Scholarship Rate","A","P","Blair Prescott","blair.prescott@example.com","Pseudo VIP Scholarship","Sutton Kingsley",""
"2026-04-14 19:17:52","29.5","7500000036894(1)","VIP Membership","A","P","Sloane Pemberton","sloane.pemberton@example.com","Pseudo VIP Mensual - (renovación)","Sutton Kingsley",""
"2026-04-14 18:50:32","4.95","7500000047441(1)","Coach Discounted VIP","A","P","Maren Ainsworth","maren.ainsworth@example.net","Pseudo Coach VIP","Sutton Kingsley",""
"2026-04-14 11:11:44","0","7500000055079(1)","Coach Discounted VIP","A","P","Priya Montrose","priya.montrose@example.org","Pseudo Coach VIP","Sutton Kingsley",""
"2026-04-14 01:35:52","24.5","7500000052435(1)","VIP Membership","A","P","Wesley Winslow","wesley.winslow@example.com","Pseudo VIP Discounted","Sutton Kingsley",""
"2026-04-13 20:46:02","7.9","7500000034374(1)","VIP Membership","A","P","Rowan Kingsley","rowan.kingsley@example.net","Pseudo VIP Starter Rate","Blair Montrose",""
"2026-04-12 20:35:26","39.5","7500000006620(1)","VIP Membership","A","P","Anouk Kingsley","anouk.kingsley@example.org","Pseudo VIP Monthly","Sutton Kingsley",""
"2026-04-12 09:32:33","29.5","7500000041182(1)","VIP Membership","A","P","Iris Thackeray","iris.thackeray@example.com","Pseudo VIP Mensual - (renovación)","Sutton Kingsley",""
"2026-04-12 00:21:42","24.5","7500000083759(1)","VIP Membership","A","P","Camden Prescott","camden.prescott@example.com","Pseudo VIP Discounted","Sutton Kingsley",""
"2026-04-11 05:13:46","24.5","309414","VIP Membership","A","P","Freya Dunmore","freya.dunmore@example.org","Pseudo VIP Discounted","Sutton Kingsley",""
"2026-04-10 07:50:59","7.9","7500000011425(1)","VIP Membership","A","P","Iris Winslow","iris.winslow@example.org","Pseudo VIP Starter Rate","Maren Sinclair",""
"2026-04-08 03:46:01","4.95","7500000065801(1)","Coach Discounted VIP","A","P","Esme Blackwood","esme.blackwood@example.net","Pseudo Coach VIP","Sutton Kingsley",""
"2026-04-08 02:03:02","29.5","7500000088249(1)","VIP Membership","A","P","Finley Underwood","finley.underwood@example.org","Pseudo VIP Mensual - (renovación)","Blair Montrose",""
"2026-04-07 22:20:59","7.9","7500000018367(1)","VIP Membership","A","P","Owen Calloway","owen.calloway@example.net","Pseudo VIP Starter Rate","Blair Montrose",""
"2026-04-06 19:27:53","19.5","435845","VIP Membership Scholarship Rate","A","P","Camden Pemberton","camden.pemberton@example.com","Pseudo VIP Scholarship","Sutton Kingsley",""
"2026-04-05 09:32:13","19.5","7500000031738(1)","VIP Membership Scholarship Rate","A","P","Sloane Northcott","sloane.northcott@example.com","Pseudo VIP Scholarship","Sutton Kingsley",""
"2026-04-04 09:29:38","7.9","7500000078725(1)","VIP Membership","A","P","Sabine Sterling","sabine.sterling@example.com","Pseudo VIP Starter Rate","Sutton Kingsley",""
"2026-04-03 09:24:01","19.5","178908","VIP Membership Scholarship Rate","A","P","Maren Kingsley","maren.kingsley@example.net","Pseudo VIP Scholarship","Sutton Kingsley",""
"2026-04-03 00:19:02","4.95","7500000068730(1)","Coach Discounted VIP","A","P","Teagan Brennan","teagan.brennan@example.com","Pseudo Coach VIP","Maren Sinclair",""
"2026-04-02 23:57:07","24.5","7500000074254(1)","VIP Membership","A","P","Rory Dunmore","rory.dunmore@example.net","Pseudo VIP Discounted","Sutton Kingsley",""
"2026-04-02 09:51:28","29.5","7500000090070(1)","VIP Membership","A","P","Marlowe Radcliffe","marlowe.radcliffe@example.com","Pseudo VIP Mensual - (renovación)","Sutton Kingsley",""
"2026-04-02 09:35:50","7.9","7500000022490(1)","VIP Membership","A","P","Wren Radcliffe","wren.radcliffe@example.net","Pseudo VIP Starter Rate","Elliot Fairbanks",""
"2026-04-02 05:50:47","29.5","7500000003074(1)","VIP Membership","A","P","Quinn Ashcroft","quinn.ashcroft@example.net","Pseudo VIP Mensual - (renovación)","Sutton Kingsley",""
"2026-03-31 22:48:08","19.5","7500000121458(1)","VIP Membership Scholarship Rate","A","P","Maren Brennan","maren.brennan@example.net","Pseudo VIP Scholarship","Sutton Kingsley",""
"2026-03-29 08:04:49","19.5","7500000113453(1)","VIP Membership Scholarship Rate","A","P","Parker Oakley","parker.oakley@example.net","Pseudo VIP Scholarship","Wren Calloway",""
"2026-03-28 14:19:21","24.5","7500000096519(1)","VIP Membership","A","P","Jonah Radcliffe","jonah.radcliffe@example.net","Pseudo VIP Discounted","Sutton Kingsley",""
"2026-03-28 12:56:50","19.5","7500000046043(1)","VIP Membership Scholarship Rate","A","P","Rory Thackeray","rory.thackeray@example.org","Pseudo VIP Scholarship","Sutton Kingsley",""
"2026-03-28 12:19:14","4.95","104840","Coach Discounted VIP","A","P","Sabine Fairbanks","sabine.fairbanks@example.net","Pseudo Coach VIP","Sutton Kingsley",""
"2026-03-28 09:44:05","4.95","7500000117193(1)","Coach Discounted VIP","A","P","Sawyer Larkspur","sawyer.larkspur@example.com","Pseudo Coach VIP","Sutton Kingsley",""
"2026-03-28 08:15:24","4.95","124915","Coach Discounted VIP","A","P","Zane Jessup","zane.jessup@example.net","Pseudo Coach VIP","Sutton Kingsley",""
"2026-03-28 07:47:18","3.07","7500000109271(1)","Coach Discounted VIP","A","P","Everly Ellsworth","everly.ellsworth@example.com","Pseudo Coach VIP","Sutton Kingsley",""
"2026-03-28 05:09:39","19.5","306753","VIP Membership Scholarship Rate","A","P","Quinn Hollister","quinn.hollister@example.com","Pseudo VIP Scholarship","Sutton Kingsley",""
"2026-03-28 04:53:43","29.5","7500000095128(1)","VIP Membership","A","P","Sawyer Oakley","sawyer.oakley@example.org","Pseudo VIP Mensual (renovación)","Maren Sinclair",""
"2026-03-28 02:43:51","7.9","7500000104310(1)","VIP Membership","A","P","Rowan Blackwood","rowan.blackwood@example.com","Pseudo VIP Starter Rate","Sutton Kingsley",""
"2026-03-28 01:59:14","19.5","7500000111809(1)","VIP Membership Scholarship Rate","A","P","Finley Yarrow","finley.yarrow@example.com","Pseudo VIP Scholarship","Sutton Kingsley",""
"2026-03-23 19:45:00","14.87","7500000063600(1)","Coach: Wellness","A","P","Sutton Thackeray","sutton.thackeray@example.net","Pseudo Protein Blend","Sutton Kingsley",""
"2026-03-22 17:58:00","24.5","7500000128957(1)","VIP Membership","A","P","Mabel Fairbanks","mabel.fairbanks@example.net","Pseudo VIP Discounted","Sutton Kingsley",""
"2026-03-17 19:27:18","7.9","7500000029026(1)","VIP Membership","A","P","Esme Jessup","esme.jessup@example.org","Pseudo VIP Starter Rate","Sutton Kingsley",""
"2026-03-17 01:40:03","19.5","7500000030502(1)","VIP Membership Scholarship Rate","A","P","Keaton Blackwood","keaton.blackwood@example.com","Pseudo VIP Scholarship","Sutton Kingsley",""
"2026-03-15 19:04:12","19.5","426055","VIP Membership Scholarship Rate","A","P","Grayson Dunmore","grayson.dunmore@example.net","Pseudo VIP Scholarship","Sutton Kingsley",""
"2026-03-15 13:52:22","19.5","7500000100405(1)","VIP Membership Scholarship Rate","A","P","Blair Prescott","blair.prescott@example.com","Pseudo VIP Scholarship","Sutton Kingsley",""
"2026-03-14 19:18:52","29.5","7500000036764(1)","VIP Membership","A","P","Sloane Pemberton","sloane.pemberton@example.com","Pseudo VIP Mensual - (renovación)","Sutton Kingsley",""
"2026-03-14 11:55:44","0","7500000054313(1)","Coach Discounted VIP","A","P","Priya Montrose","priya.montrose@example.org","Pseudo Coach VIP","Sutton Kingsley",""
"2026-03-13 19:26:02","7.9","7500000033793(1)","VIP Membership","A","P","Rowan Kingsley","rowan.kingsley@example.net","Pseudo VIP Starter Rate","Blair Montrose",""
"2026-03-12 19:31:26","39.5","7500000005782(1)","VIP Membership","A","P","Anouk Kingsley","anouk.kingsley@example.org","Pseudo VIP Monthly","Sutton Kingsley",""
"2026-03-12 09:06:33","29.5","7500000040389(1)","VIP Membership","A","P","Iris Thackeray","iris.thackeray@example.com","Pseudo VIP Mensual - (renovación)","Sutton Kingsley",""
"2026-03-11 23:33:42","24.5","7500000083505(1)","VIP Membership","A","P","Camden Prescott","camden.prescott@example.com","Pseudo VIP Discounted","Sutton Kingsley",""
"2026-03-11 06:27:46","24.5","309414","VIP Membership","A","P","Freya Dunmore","freya.dunmore@example.org","Pseudo VIP Discounted","Sutton Kingsley",""
"2026-03-10 15:16:51","29.5","7500000097533(1)","VIP Membership","A","P","Odette Merrick","odette.merrick@example.net","Pseudo VIP Mensual - (renovación)","Sutton Kingsley",""
"2026-03-10 08:10:59","7.9","7500000010766(1)","VIP Membership","A","P","Iris Winslow","iris.winslow@example.org","Pseudo VIP Starter Rate","Maren Sinclair",""
"2026-03-08 02:53:02","29.5","7500000087897(1)","VIP Membership","A","P","Finley Underwood","finley.underwood@example.org","Pseudo VIP Mensual - (renovación)","Blair Montrose",""
"2026-03-08 02:36:01","4.95","7500000065544(1)","Coach Discounted VIP","A","P","Esme Blackwood","esme.blackwood@example.net","Pseudo Coach VIP","Sutton Kingsley",""
"2026-03-07 23:19:59","7.9","7500000018152(1)","VIP Membership","A","P","Owen Calloway","owen.calloway@example.net","Pseudo VIP Starter Rate","Blair Montrose",""
"2026-03-06 21:50:00","10.62","7500000061794(1)","Coach: Consumables","A","P","Linnea Ingram","linnea.ingram@example.com","Pseudo Hydration Mix","Maren Sinclair",""
"2026-03-06 19:31:53","19.5","435845","VIP Membership Scholarship Rate","A","P","Camden Pemberton","camden.pemberton@example.com","Pseudo VIP Scholarship","Sutton Kingsley",""
"2026-03-05 08:07:13","19.5","7500000031519(1)","VIP Membership Scholarship Rate","A","P","Sloane Northcott","sloane.northcott@example.com","Pseudo VIP Scholarship","Sutton Kingsley",""
"2026-03-04 10:24:38","7.9","7500000078310(1)","VIP Membership","A","P","Sabine Sterling","sabine.sterling@example.com","Pseudo VIP Starter Rate","Sutton Kingsley",""
"2026-03-03 10:22:01","19.5","178908","VIP Membership Scholarship Rate","A","P","Maren Kingsley","maren.kingsley@example.net","Pseudo VIP Scholarship","Sutton Kingsley",""
"2026-03-03 01:05:07","24.5","7500000073754(1)","VIP Membership","A","P","Rory Dunmore","rory.dunmore@example.net","Pseudo VIP Discounted","Sutton Kingsley",""
"2026-03-03 00:43:02","4.95","7500000068020(1)","Coach Discounted VIP","A","P","Teagan Brennan","teagan.brennan@example.com","Pseudo Coach VIP","Maren Sinclair",""
"2026-03-02 08:51:28","29.5","7500000089872(1)","VIP Membership","A","P","Marlowe Radcliffe","marlowe.radcliffe@example.com","Pseudo VIP Mensual - (renovación)","Sutton Kingsley",""
"2026-03-02 08:48:50","7.9","7500000022087(1)","VIP Membership","A","P","Wren Radcliffe","wren.radcliffe@example.net","Pseudo VIP Starter Rate","Elliot Fairbanks",""
"2026-03-02 07:17:47","29.5","7500000002383(1)","VIP Membership","A","P","Quinn Ashcroft","quinn.ashcroft@example.net","Pseudo VIP Mensual - (renovación)","Sutton Kingsley",""
"2026-02-28 13:20:14","4.95","104840","Coach Discounted VIP","A","P","Sabine Fairbanks","sabine.fairbanks@example.net","Pseudo Coach VIP","Sutton Kingsley",""
"2026-02-28 13:11:21","24.5","7500000095685(1)","VIP Membership","A","P","Jonah Radcliffe","jonah.radcliffe@example.net","Pseudo VIP Discounted","Sutton Kingsley",""
"2026-02-28 12:37:50","19.5","7500000045460(1)","VIP Membership Scholarship Rate","A","P","Rory Thackeray","rory.thackeray@example.org","Pseudo VIP Scholarship","Sutton Kingsley",""
"2026-02-28 07:57:18","4.95","7500000108791(1)","Coach Discounted VIP","A","P","Everly Ellsworth","everly.ellsworth@example.com","Pseudo Coach VIP","Sutton Kingsley",""
"2026-02-28 07:08:24","4.95","124915","Coach Discounted VIP","A","P","Zane Jessup","zane.jessup@example.net","Pseudo Coach VIP","Sutton Kingsley",""
"2026-02-28 06:06:43","29.5","7500000094835(1)","VIP Membership","A","P","Sawyer Oakley","sawyer.oakley@example.org","Pseudo VIP Mensual (renovación)","Maren Sinclair",""
"2026-02-28 05:20:39","19.5","306753","VIP Membership Scholarship Rate","A","P","Quinn Hollister","quinn.hollister@example.com","Pseudo VIP Scholarship","Sutton Kingsley",""
"2026-02-28 02:11:51","7.9","7500000103743(1)","VIP Membership","A","P","Rowan Blackwood","rowan.blackwood@example.com","Pseudo VIP Starter Rate","Sutton Kingsley",""
"2026-02-28 00:58:14","19.5","7500000111487(1)","VIP Membership Scholarship Rate","A","P","Finley Yarrow","finley.yarrow@example.com","Pseudo VIP Scholarship","Sutton Kingsley",""
"2026-02-22 17:48:00","24.5","7500000128427(1)","VIP Membership","A","P","Mabel Fairbanks","mabel.fairbanks@example.net","Pseudo VIP Discounted","Sutton Kingsley",""
"2026-02-17 18:56:18","7.9","7500000028146(1)","VIP Membership","A","P","Esme Jessup","esme.jessup@example.org","Pseudo VIP Starter Rate","Sutton Kingsley",""
"2026-02-16 08:04:00","14.87","7500000060976(1)","Coach: Wellness","A","P","Linnea Ingram","linnea.ingram@example.com","Pseudo Protein Blend","Maren Sinclair",""
"2026-02-16 07:00:00","10.62","7500000063949(1)","Coach: Consumables","A","P","Willa Fitzgerald","willa.fitzgerald@example.com","Pseudo Hydration Mix","Sutton Kingsley",""
"2026-02-15 19:52:12","19.5","426055","VIP Membership Scholarship Rate","A","P","Grayson Dunmore","grayson.dunmore@example.net","Pseudo VIP Scholarship","Sutton Kingsley",""
"2026-02-15 14:02:22","19.5","7500000099658(1)","VIP Membership Scholarship Rate","A","P","Blair Prescott","blair.prescott@example.com","Pseudo VIP Scholarship","Sutton Kingsley",""
"2026-02-14 17:49:52","29.5","7500000036631(1)","VIP Membership","A","P","Sloane Pemberton","sloane.pemberton@example.com","Pseudo VIP Mensual - (renovación)","Sutton Kingsley",""
"2026-02-13 20:56:02","7.9","7500000033035(1)","VIP Membership","A","P","Rowan Kingsley","rowan.kingsley@example.net","Pseudo VIP Starter Rate","Blair Montrose",""
"2026-02-12 09:51:33","29.5","7500000039654(1)","VIP Membership","A","P","Iris Thackeray","iris.thackeray@example.com","Pseudo VIP Mensual - (renovación)","Sutton Kingsley",""
"2026-02-11 22:14:42","24.5","7500000082839(1)","VIP Membership","A","P","Camden Prescott","camden.prescott@example.com","Pseudo VIP Discounted","Sutton Kingsley",""
"2026-02-11 06:34:46","24.5","309414","VIP Membership","A","P","Freya Dunmore","freya.dunmore@example.org","Pseudo VIP Discounted","Sutton Kingsley",""
"2026-02-10 14:54:51","29.5","7500000096953(1)","VIP Membership","A","P","Odette Merrick","odette.merrick@example.net","Pseudo VIP Mensual - (renovación)","Sutton Kingsley",""
"2026-02-10 08:45:59","7.9","7500000010638(1)","VIP Membership","A","P","Iris Winslow","iris.winslow@example.org","Pseudo VIP Starter Rate","Maren Sinclair",""
"2026-02-08 03:26:01","4.95","7500000065125(1)","Coach Discounted VIP","A","P","Esme Blackwood","esme.blackwood@example.net","Pseudo Coach VIP","Sutton Kingsley",""
"2026-02-08 02:17:02","29.5","7500000087537(1)","VIP Membership","A","P","Finley Underwood","finley.underwood@example.org","Pseudo VIP Mensual - (renovación)","Blair Montrose",""
"2026-02-07 23:35:59","7.9","7500000017531(1)","VIP Membership","A","P","Owen Calloway","owen.calloway@example.net","Pseudo VIP Starter Rate","Blair Montrose",""
"2026-02-06 20:25:53","19.5","435845","VIP Membership Scholarship Rate","A","P","Camden Pemberton","camden.pemberton@example.com","Pseudo VIP Scholarship","Sutton Kingsley",""
"2026-02-04 09:38:38","7.9","7500000078039(1)","VIP Membership","A","P","Sabine Sterling","sabine.sterling@example.com","Pseudo VIP Starter Rate","Sutton Kingsley",""
"2026-02-03 10:49:01","19.5","178908","VIP Membership Scholarship Rate","A","P","Maren Kingsley","maren.kingsley@example.net","Pseudo VIP Scholarship","Sutton Kingsley",""
"2026-02-03 01:11:07","24.5","7500000073056(1)","VIP Membership","A","P","Rory Dunmore","rory.dunmore@example.net","Pseudo VIP Discounted","Sutton Kingsley",""
"2026-02-02 10:00:50","7.9","7500000021981(1)","VIP Membership","A","P","Wren Radcliffe","wren.radcliffe@example.net","Pseudo VIP Starter Rate","Elliot Fairbanks",""
"2026-02-02 08:47:47","29.5","7500000002047(1)","VIP Membership","A","P","Quinn Ashcroft","quinn.ashcroft@example.net","Pseudo VIP Mensual - (renovación)","Sutton Kingsley",""
"2026-01-30 11:57:50","19.5","7500000045322(1)","VIP Membership Scholarship Rate","A","P","Rory Thackeray","rory.thackeray@example.org","Pseudo VIP Scholarship","Sutton Kingsley",""
"2026-01-29 12:50:21","24.5","7500000095167(1)","VIP Membership","A","P","Jonah Radcliffe","jonah.radcliffe@example.net","Pseudo VIP Discounted","Sutton Kingsley",""
"2026-01-29 07:57:24","4.95","124915","Coach Discounted VIP","A","P","Zane Jessup","zane.jessup@example.net","Pseudo Coach VIP","Sutton Kingsley",""
"2026-01-29 06:26:39","19.5","306753","VIP Membership Scholarship Rate","A","P","Quinn Hollister","quinn.hollister@example.com","Pseudo VIP Scholarship","Sutton Kingsley",""
"2026-01-29 06:24:43","29.5","7500000094014(1)","VIP Membership","A","P","Sawyer Oakley","sawyer.oakley@example.org","Pseudo VIP Mensual (renovación)","Maren Sinclair",""
"2026-01-28 11:54:14","4.95","104840","Coach Discounted VIP","A","P","Sabine Fairbanks","sabine.fairbanks@example.net","Pseudo Coach VIP","Sutton Kingsley",""
"2026-01-28 07:16:18","4.95","7500000108162(1)","Coach Discounted VIP","A","P","Everly Ellsworth","everly.ellsworth@example.com","Pseudo Coach VIP","Sutton Kingsley",""
"2026-01-28 01:13:51","7.9","7500000103657(1)","VIP Membership","A","P","Rowan Blackwood","rowan.blackwood@example.com","Pseudo VIP Starter Rate","Sutton Kingsley",""
"2026-01-28 00:30:14","19.5","7500000110880(1)","VIP Membership Scholarship Rate","A","P","Finley Yarrow","finley.yarrow@example.com","Pseudo VIP Scholarship","Sutton Kingsley",""
"2026-01-17 19:49:18","7.9","7500000027806(1)","VIP Membership","A","P","Esme Jessup","esme.jessup@example.org","Pseudo VIP Starter Rate","Sutton Kingsley",""
"2026-01-16 01:49:00","10.62","7500000062013(1)","Coach: Consumables","A","P","Linnea Ingram","linnea.ingram@example.com","Pseudo Hydration Mix","Maren Sinclair",""
"2026-01-15 20:41:12","19.5","426055","VIP Membership Scholarship Rate","A","P","Grayson Dunmore","grayson.dunmore@example.net","Pseudo VIP Scholarship","Sutton Kingsley",""
"2026-01-14 16:53:52","29.5","7500000036355(1)","VIP Membership","A","P","Sloane Pemberton","sloane.pemberton@example.com","Pseudo VIP Mensual - (renovación)","Sutton Kingsley",""
"2026-01-12 10:37:33","29.5","7500000039238(1)","VIP Membership","A","P","Iris Thackeray","iris.thackeray@example.com","Pseudo VIP Mensual - (renovación)","Sutton Kingsley",""
"2026-01-11 20:51:42","24.5","7500000081980(1)","VIP Membership","A","P","Camden Prescott","camden.prescott@example.com","Pseudo VIP Discounted","Sutton Kingsley",""
"2026-01-10 08:57:59","7.9","7500000009979(1)","VIP Membership","A","P","Iris Winslow","iris.winslow@example.org","Pseudo VIP Starter Rate","Maren Sinclair",""
"2026-01-08 03:24:02","29.5","7500000087145(1)","VIP Membership","A","P","Finley Underwood","finley.underwood@example.org","Pseudo VIP Mensual - (renovación)","Blair Montrose",""
"2026-01-07 22:51:59","7.9","7500000017135(1)","VIP Membership","A","P","Owen Calloway","owen.calloway@example.net","Pseudo VIP Starter Rate","Blair Montrose",""
"2026-01-04 09:47:38","7.9","7500000077484(1)","VIP Membership","A","P","Sabine Sterling","sabine.sterling@example.com","Pseudo VIP Starter Rate","Sutton Kingsley",""
"2026-01-03 00:26:07","24.5","7500000072473(1)","VIP Membership","A","P","Rory Dunmore","rory.dunmore@example.net","Pseudo VIP Discounted","Sutton Kingsley",""
"2026-01-02 11:27:50","7.9","7500000021838(1)","VIP Membership","A","P","Wren Radcliffe","wren.radcliffe@example.net","Pseudo VIP Starter Rate","Elliot Fairbanks",""
"2026-01-02 07:59:47","29.5","7500000001398(1)","VIP Membership","A","P","Quinn Ashcroft","quinn.ashcroft@example.net","Pseudo VIP Mensual - (renovación)","Sutton Kingsley",""
"2025-12-31 00:45:51","7.9","7500000102872(1)","VIP Membership","A","P","Rowan Blackwood","rowan.blackwood@example.com","Pseudo VIP Starter Rate","Sutton Kingsley",""
"2025-12-28 12:05:14","4.95","104840","Coach Discounted VIP","A","P","Sabine Fairbanks","sabine.fairbanks@example.net","Pseudo Coach VIP","Sutton Kingsley",""
"2025-12-28 06:47:18","4.95","7500000107864(1)","Coach Discounted VIP","A","P","Everly Ellsworth","everly.ellsworth@example.com","Pseudo Coach VIP","Sutton Kingsley",""
"2025-12-23 23:12:00","8.75","7500000063895(1)","Coach: Wellness","A","P","Willa Fitzgerald","willa.fitzgerald@example.com","Pseudo Creatine Scoop","Sutton Kingsley",""
"2025-12-21 16:29:00","14.87","7500000064166(1)","Coach: Wellness","A","P","Willa Fitzgerald","willa.fitzgerald@example.com","Pseudo Protein Blend","Sutton Kingsley",""
"2025-12-17 20:27:18","7.9","7500000027085(1)","VIP Membership","A","P","Esme Jessup","esme.jessup@example.org","Pseudo VIP Starter Rate","Sutton Kingsley",""
"2025-12-11 19:55:42","24.5","7500000081175(1)","VIP Membership","A","P","Camden Prescott","camden.prescott@example.com","Pseudo VIP Discounted","Sutton Kingsley",""
"2025-12-10 08:31:59","7.9","7500000009694(1)","VIP Membership","A","P","Iris Winslow","iris.winslow@example.org","Pseudo VIP Starter Rate","Maren Sinclair",""
"2025-12-08 02:25:02","29.5","7500000086866(1)","VIP Membership","A","P","Finley Underwood","finley.underwood@example.org","Pseudo VIP Mensual - (renovación)","Blair Montrose",""
"2025-12-08 00:10:59","7.9","7500000016442(1)","VIP Membership","A","P","Owen Calloway","owen.calloway@example.net","Pseudo VIP Starter Rate","Blair Montrose",""
"2025-12-04 08:41:38","7.9","7500000076697(1)","VIP Membership","A","P","Sabine Sterling","sabine.sterling@example.com","Pseudo VIP Starter Rate","Sutton Kingsley",""
"2025-12-03 01:32:07","24.5","7500000071820(1)","VIP Membership","A","P","Rory Dunmore","rory.dunmore@example.net","Pseudo VIP Discounted","Sutton Kingsley",""
"2025-12-02 12:19:50","7.9","7500000021231(1)","VIP Membership","A","P","Wren Radcliffe","wren.radcliffe@example.net","Pseudo VIP Starter Rate","Elliot Fairbanks",""
"2025-11-28 07:19:18","4.95","7500000107545(1)","Coach Discounted VIP","A","P","Everly Ellsworth","everly.ellsworth@example.com","Pseudo Coach VIP","Sutton Kingsley",""
"2025-11-11 18:27:42","24.5","7500000080355(1)","VIP Membership","A","P","Camden Prescott","camden.prescott@example.com","Pseudo VIP Discounted","Sutton Kingsley",""
"2025-11-10 09:23:59","7.9","7500000009622(1)","VIP Membership","A","P","Iris Winslow","iris.winslow@example.org","Pseudo VIP Starter Rate","Maren Sinclair",""
"2025-11-04 08:19:38","7.9","7500000076386(1)","VIP Membership","A","P","Sabine Sterling","sabine.sterling@example.com","Pseudo VIP Starter Rate","Sutton Kingsley",""
"2025-10-13 09:00:00","20","7500000064771(1)","Coach: 5 day product","A","P","Marlowe Larkspur","marlowe.larkspur@example.org","Pseudo 14-Day Reset","Sutton Kingsley",""
